mean_test_deceased recall,mean_test_deceased f1,mean_test_total recall,mean_test_total f1,param_min_samples_leaf,param_n_estimators,param_max_depth
0.0008264462809917355,0.0016460905349794236,0.9747880845524209,0.9687050043492688,10,20,5
0.0,0.0,0.9746486839915383,0.9685648305021204,15,20,5
0.7978567720470935,0.8861448493460079,0.9911392798540163,0.9910109301080533,10,20,10
0.7884907597924979,0.8807235700706638,0.9907516667703467,0.990609861637104,15,20,10
